,Area,Item,Year,Value
209,Afghanistan,Prevalence of moderate or severe food insecurity in the total population (percent) (3-year average),2020-2022,79.1
216,Afghanistan,Prevalence of moderate or severe food insecurity in the total population (percent) (3-year average),2020-2022,75.7
223,Afghanistan,Prevalence of moderate or severe food insecurity in the total population (percent) (3-year average),2020-2022,82.6
1084,Albania,Prevalence of moderate or severe food insecurity in the total population (percent) (3-year average),2020-2022,30.2
1091,Albania,Prevalence of moderate or severe food insecurity in the total population (percent) (3-year average),2020-2022,27.2
1098,Albania,Prevalence of moderate or severe food insecurity in the total population (percent) (3-year average),2020-2022,33.1
2033,Algeria,Prevalence of moderate or severe food insecurity in the total population (percent) (3-year average),2020-2022,19.4
2040,Algeria,Prevalence of moderate or severe food insecurity in the total population (percent) (3-year average),2020-2022,16.1
2047,Algeria,Prevalence of moderate or severe food insecurity in the total population (percent) (3-year average),2020-2022,22.6
2867,American Samoa,Prevalence of moderate or severe food insecurity in the total population (percent) (3-year average),2020-2022,
2874,American Samoa,Prevalence of moderate or severe food insecurity in the total population (percent) (3-year average),2020-2022,
2881,American Samoa,Prevalence of moderate or severe food insecurity in the total population (percent) (3-year average),2020-2022,
3265,Andorra,Prevalence of moderate or severe food insecurity in the total population (percent) (3-year average),2020-2022,
3272,Andorra,Prevalence of moderate or severe food insecurity in the total population (percent) (3-year average),2020-2022,
3279,Andorra,Prevalence of moderate or severe food insecurity in the total population (percent) (3-year average),2020-2022,
3921,Angola,Prevalence of moderate or severe food insecurity in the total population (percent) (3-year average),2020-2022,78.5
3928,Angola,Prevalence of moderate or severe food insecurity in the total population (percent) (3-year average),2020-2022,77
3935,Angola,Prevalence of moderate or severe food insecurity in the total population (percent) (3-year average),2020-2022,79.9
4782,Antigua and Barbuda,Prevalence of moderate or severe food insecurity in the total population (percent) (3-year average),2020-2022,33
4789,Antigua and Barbuda,Prevalence of moderate or severe food insecurity in the total population (percent) (3-year average),2020-2022,29.4
4796,Antigua and Barbuda,Prevalence of moderate or severe food insecurity in the total population (percent) (3-year average),2020-2022,36.5
5548,Argentina,Prevalence of moderate or severe food insecurity in the total population (percent) (3-year average),2020-2022,36.9
5555,Argentina,Prevalence of moderate or severe food insecurity in the total population (percent) (3-year average),2020-2022,33.2
5562,Argentina,Prevalence of moderate or severe food insecurity in the total population (percent) (3-year average),2020-2022,40.5
6455,Armenia,Prevalence of moderate or severe food insecurity in the total population (percent) (3-year average),2020-2022,7.1
6462,Armenia,Prevalence of moderate or severe food insecurity in the total population (percent) (3-year average),2020-2022,6
6469,Armenia,Prevalence of moderate or severe food insecurity in the total population (percent) (3-year average),2020-2022,8.3
7387,Australia,Prevalence of moderate or severe food insecurity in the total population (percent) (3-year average),2020-2022,11.4
7394,Australia,Prevalence of moderate or severe food insecurity in the total population (percent) (3-year average),2020-2022,9.6
7401,Australia,Prevalence of moderate or severe food insecurity in the total population (percent) (3-year average),2020-2022,13.2
8308,Austria,Prevalence of moderate or severe food insecurity in the total population (percent) (3-year average),2020-2022,4.3
8315,Austria,Prevalence of moderate or severe food insecurity in the total population (percent) (3-year average),2020-2022,3.3
8322,Austria,Prevalence of moderate or severe food insecurity in the total population (percent) (3-year average),2020-2022,5.3
9156,Azerbaijan,Prevalence of moderate or severe food insecurity in the total population (percent) (3-year average),2020-2022,10.1
9163,Azerbaijan,Prevalence of moderate or severe food insecurity in the total population (percent) (3-year average),2020-2022,8.1
9170,Azerbaijan,Prevalence of moderate or severe food insecurity in the total population (percent) (3-year average),2020-2022,12
10065,Bahamas,Prevalence of moderate or severe food insecurity in the total population (percent) (3-year average),2020-2022,17.2
10072,Bahamas,Prevalence of moderate or severe food insecurity in the total population (percent) (3-year average),2020-2022,13.4
10079,Bahamas,Prevalence of moderate or severe food insecurity in the total population (percent) (3-year average),2020-2022,21.1
10753,Bahrain,Prevalence of moderate or severe food insecurity in the total population (percent) (3-year average),2020-2022,
10760,Bahrain,Prevalence of moderate or severe food insecurity in the total population (percent) (3-year average),2020-2022,
10767,Bahrain,Prevalence of moderate or severe food insecurity in the total population (percent) (3-year average),2020-2022,
11586,Bangladesh,Prevalence of moderate or severe food insecurity in the total population (percent) (3-year average),2020-2022,31.1
11593,Bangladesh,Prevalence of moderate or severe food insecurity in the total population (percent) (3-year average),2020-2022,28.7
11600,Bangladesh,Prevalence of moderate or severe food insecurity in the total population (percent) (3-year average),2020-2022,33.5
12544,Barbados,Prevalence of moderate or severe food insecurity in the total population (percent) (3-year average),2020-2022,31.1
12551,Barbados,Prevalence of moderate or severe food insecurity in the total population (percent) (3-year average),2020-2022,26.6
12558,Barbados,Prevalence of moderate or severe food insecurity in the total population (percent) (3-year average),2020-2022,35.6
13403,Belarus,Prevalence of moderate or severe food insecurity in the total population (percent) (3-year average),2020-2022,
13410,Belarus,Prevalence of moderate or severe food insecurity in the total population (percent) (3-year average),2020-2022,
13417,Belarus,Prevalence of moderate or severe food insecurity in the total population (percent) (3-year average),2020-2022,
14346,Belgium,Prevalence of moderate or severe food insecurity in the total population (percent) (3-year average),2020-2022,5.8
14353,Belgium,Prevalence of moderate or severe food insecurity in the total population (percent) (3-year average),2020-2022,4.2
14360,Belgium,Prevalence of moderate or severe food insecurity in the total population (percent) (3-year average),2020-2022,7.5
15258,Belize,Prevalence of moderate or severe food insecurity in the total population (percent) (3-year average),2020-2022,45.5
15265,Belize,Prevalence of moderate or severe food insecurity in the total population (percent) (3-year average),2020-2022,41.6
15272,Belize,Prevalence of moderate or severe food insecurity in the total population (percent) (3-year average),2020-2022,49.4
16146,Benin,Prevalence of moderate or severe food insecurity in the total population (percent) (3-year average),2020-2022,73.6
16153,Benin,Prevalence of moderate or severe food insecurity in the total population (percent) (3-year average),2020-2022,71.7
16160,Benin,Prevalence of moderate or severe food insecurity in the total population (percent) (3-year average),2020-2022,75.5
16987,Bermuda,Prevalence of moderate or severe food insecurity in the total population (percent) (3-year average),2020-2022,
16994,Bermuda,Prevalence of moderate or severe food insecurity in the total population (percent) (3-year average),2020-2022,
17001,Bermuda,Prevalence of moderate or severe food insecurity in the total population (percent) (3-year average),2020-2022,
17471,Bhutan,Prevalence of moderate or severe food insecurity in the total population (percent) (3-year average),2020-2022,
17478,Bhutan,Prevalence of moderate or severe food insecurity in the total population (percent) (3-year average),2020-2022,
17485,Bhutan,Prevalence of moderate or severe food insecurity in the total population (percent) (3-year average),2020-2022,
18336,Bolivia (Plurinational State of),Prevalence of moderate or severe food insecurity in the total population (percent) (3-year average),2020-2022,
18343,Bolivia (Plurinational State of),Prevalence of moderate or severe food insecurity in the total population (percent) (3-year average),2020-2022,
18350,Bolivia (Plurinational State of),Prevalence of moderate or severe food insecurity in the total population (percent) (3-year average),2020-2022,
19268,Bosnia and Herzegovina,Prevalence of moderate or severe food insecurity in the total population (percent) (3-year average),2020-2022,13.4
19275,Bosnia and Herzegovina,Prevalence of moderate or severe food insecurity in the total population (percent) (3-year average),2020-2022,11.1
19282,Bosnia and Herzegovina,Prevalence of moderate or severe food insecurity in the total population (percent) (3-year average),2020-2022,15.7
20199,Botswana,Prevalence of moderate or severe food insecurity in the total population (percent) (3-year average),2020-2022,56.3
20206,Botswana,Prevalence of moderate or severe food insecurity in the total population (percent) (3-year average),2020-2022,52.7
20213,Botswana,Prevalence of moderate or severe food insecurity in the total population (percent) (3-year average),2020-2022,60
21084,Brazil,Prevalence of moderate or severe food insecurity in the total population (percent) (3-year average),2020-2022,32.8
21091,Brazil,Prevalence of moderate or severe food insecurity in the total population (percent) (3-year average),2020-2022,28.5
21098,Brazil,Prevalence of moderate or severe food insecurity in the total population (percent) (3-year average),2020-2022,37.1
21960,Brunei Darussalam,Prevalence of moderate or severe food insecurity in the total population (percent) (3-year average),2020-2022,
21967,Brunei Darussalam,Prevalence of moderate or severe food insecurity in the total population (percent) (3-year average),2020-2022,
21974,Brunei Darussalam,Prevalence of moderate or severe food insecurity in the total population (percent) (3-year average),2020-2022,
22805,Bulgaria,Prevalence of moderate or severe food insecurity in the total population (percent) (3-year average),2020-2022,15.8
22812,Bulgaria,Prevalence of moderate or severe food insecurity in the total population (percent) (3-year average),2020-2022,12.5
22819,Bulgaria,Prevalence of moderate or severe food insecurity in the total population (percent) (3-year average),2020-2022,19
23748,Burkina Faso,Prevalence of moderate or severe food insecurity in the total population (percent) (3-year average),2020-2022,56.9
23755,Burkina Faso,Prevalence of moderate or severe food insecurity in the total population (percent) (3-year average),2020-2022,54
23762,Burkina Faso,Prevalence of moderate or severe food insecurity in the total population (percent) (3-year average),2020-2022,59.8
24603,Burundi,Prevalence of moderate or severe food insecurity in the total population (percent) (3-year average),2020-2022,
24610,Burundi,Prevalence of moderate or severe food insecurity in the total population (percent) (3-year average),2020-2022,
24617,Burundi,Prevalence of moderate or severe food insecurity in the total population (percent) (3-year average),2020-2022,
25450,Cabo Verde,Prevalence of moderate or severe food insecurity in the total population (percent) (3-year average),2020-2022,37
25457,Cabo Verde,Prevalence of moderate or severe food insecurity in the total population (percent) (3-year average),2020-2022,32.8
25464,Cabo Verde,Prevalence of moderate or severe food insecurity in the total population (percent) (3-year average),2020-2022,41.2
26243,Cambodia,Prevalence of moderate or severe food insecurity in the total population (percent) (3-year average),2020-2022,51.1
26250,Cambodia,Prevalence of moderate or severe food insecurity in the total population (percent) (3-year average),2020-2022,48.1
26257,Cambodia,Prevalence of moderate or severe food insecurity in the total population (percent) (3-year average),2020-2022,54.2
27177,Cameroon,Prevalence of moderate or severe food insecurity in the total population (percent) (3-year average),2020-2022,58.5
27184,Cameroon,Prevalence of moderate or severe food insecurity in the total population (percent) (3-year average),2020-2022,53.6
27191,Cameroon,Prevalence of moderate or severe food insecurity in the total population (percent) (3-year average),2020-2022,63.4
28077,Canada,Prevalence of moderate or severe food insecurity in the total population (percent) (3-year average),2020-2022,7.7
28084,Canada,Prevalence of moderate or severe food insecurity in the total population (percent) (3-year average),2020-2022,7.5
28091,Canada,Prevalence of moderate or severe food insecurity in the total population (percent) (3-year average),2020-2022,7.9
28950,Central African Republic,Prevalence of moderate or severe food insecurity in the total population (percent) (3-year average),2020-2022,81.3
28957,Central African Republic,Prevalence of moderate or severe food insecurity in the total population (percent) (3-year average),2020-2022,78
28964,Central African Republic,Prevalence of moderate or severe food insecurity in the total population (percent) (3-year average),2020-2022,84.6
29884,Chad,Prevalence of moderate or severe food insecurity in the total population (percent) (3-year average),2020-2022,
29891,Chad,Prevalence of moderate or severe food insecurity in the total population (percent) (3-year average),2020-2022,
29898,Chad,Prevalence of moderate or severe food insecurity in the total population (percent) (3-year average),2020-2022,
30792,Chile,Prevalence of moderate or severe food insecurity in the total population (percent) (3-year average),2020-2022,18.1
30799,Chile,Prevalence of moderate or severe food insecurity in the total population (percent) (3-year average),2020-2022,16.3
30806,Chile,Prevalence of moderate or severe food insecurity in the total population (percent) (3-year average),2020-2022,19.9
31729,China,Prevalence of moderate or severe food insecurity in the total population (percent) (3-year average),2020-2022,
31736,China,Prevalence of moderate or severe food insecurity in the total population (percent) (3-year average),2020-2022,
31743,China,Prevalence of moderate or severe food insecurity in the total population (percent) (3-year average),2020-2022,
32498,"China, Hong Kong SAR",Prevalence of moderate or severe food insecurity in the total population (percent) (3-year average),2020-2022,
32505,"China, Hong Kong SAR",Prevalence of moderate or severe food insecurity in the total population (percent) (3-year average),2020-2022,
32512,"China, Hong Kong SAR",Prevalence of moderate or severe food insecurity in the total population (percent) (3-year average),2020-2022,
33209,"China, Macao SAR",Prevalence of moderate or severe food insecurity in the total population (percent) (3-year average),2020-2022,
33216,"China, Macao SAR",Prevalence of moderate or severe food insecurity in the total population (percent) (3-year average),2020-2022,
33223,"China, Macao SAR",Prevalence of moderate or severe food insecurity in the total population (percent) (3-year average),2020-2022,
33906,"China, mainland",Prevalence of moderate or severe food insecurity in the total population (percent) (3-year average),2020-2022,
33913,"China, mainland",Prevalence of moderate or severe food insecurity in the total population (percent) (3-year average),2020-2022,
33920,"China, mainland",Prevalence of moderate or severe food insecurity in the total population (percent) (3-year average),2020-2022,
34490,"China, Taiwan Province of",Prevalence of moderate or severe food insecurity in the total population (percent) (3-year average),2020-2022,
34497,"China, Taiwan Province of",Prevalence of moderate or severe food insecurity in the total population (percent) (3-year average),2020-2022,
34504,"China, Taiwan Province of",Prevalence of moderate or severe food insecurity in the total population (percent) (3-year average),2020-2022,
35136,Colombia,Prevalence of moderate or severe food insecurity in the total population (percent) (3-year average),2020-2022,
35143,Colombia,Prevalence of moderate or severe food insecurity in the total population (percent) (3-year average),2020-2022,
35150,Colombia,Prevalence of moderate or severe food insecurity in the total population (percent) (3-year average),2020-2022,
36042,Comoros,Prevalence of moderate or severe food insecurity in the total population (percent) (3-year average),2020-2022,79.7
36049,Comoros,Prevalence of moderate or severe food insecurity in the total population (percent) (3-year average),2020-2022,74.7
36056,Comoros,Prevalence of moderate or severe food insecurity in the total population (percent) (3-year average),2020-2022,84.7
36901,Congo,Prevalence of moderate or severe food insecurity in the total population (percent) (3-year average),2020-2022,88.2
36908,Congo,Prevalence of moderate or severe food insecurity in the total population (percent) (3-year average),2020-2022,86
36915,Congo,Prevalence of moderate or severe food insecurity in the total population (percent) (3-year average),2020-2022,90.3
37708,Cook Islands,Prevalence of moderate or severe food insecurity in the total population (percent) (3-year average),2020-2022,
37715,Cook Islands,Prevalence of moderate or severe food insecurity in the total population (percent) (3-year average),2020-2022,
37722,Cook Islands,Prevalence of moderate or severe food insecurity in the total population (percent) (3-year average),2020-2022,
38308,Costa Rica,Prevalence of moderate or severe food insecurity in the total population (percent) (3-year average),2020-2022,16.2
38315,Costa Rica,Prevalence of moderate or severe food insecurity in the total population (percent) (3-year average),2020-2022,15.5
38322,Costa Rica,Prevalence of moderate or severe food insecurity in the total population (percent) (3-year average),2020-2022,16.9
39255,Côte d'Ivoire,Prevalence of moderate or severe food insecurity in the total population (percent) (3-year average),2020-2022,44.2
39262,Côte d'Ivoire,Prevalence of moderate or severe food insecurity in the total population (percent) (3-year average),2020-2022,42.3
39269,Côte d'Ivoire,Prevalence of moderate or severe food insecurity in the total population (percent) (3-year average),2020-2022,46
40189,Croatia,Prevalence of moderate or severe food insecurity in the total population (percent) (3-year average),2020-2022,9.7
40196,Croatia,Prevalence of moderate or severe food insecurity in the total population (percent) (3-year average),2020-2022,7.9
40203,Croatia,Prevalence of moderate or severe food insecurity in the total population (percent) (3-year average),2020-2022,11.5
40976,Cuba,Prevalence of moderate or severe food insecurity in the total population (percent) (3-year average),2020-2022,
40983,Cuba,Prevalence of moderate or severe food insecurity in the total population (percent) (3-year average),2020-2022,
40990,Cuba,Prevalence of moderate or severe food insecurity in the total population (percent) (3-year average),2020-2022,
41881,Cyprus,Prevalence of moderate or severe food insecurity in the total population (percent) (3-year average),2020-2022,
41888,Cyprus,Prevalence of moderate or severe food insecurity in the total population (percent) (3-year average),2020-2022,
41895,Cyprus,Prevalence of moderate or severe food insecurity in the total population (percent) (3-year average),2020-2022,
42687,Czechia,Prevalence of moderate or severe food insecurity in the total population (percent) (3-year average),2020-2022,8.5
42694,Czechia,Prevalence of moderate or severe food insecurity in the total population (percent) (3-year average),2020-2022,7
42701,Czechia,Prevalence of moderate or severe food insecurity in the total population (percent) (3-year average),2020-2022,10
43586,Democratic People's Republic of Korea,Prevalence of moderate or severe food insecurity in the total population (percent) (3-year average),2020-2022,
43593,Democratic People's Republic of Korea,Prevalence of moderate or severe food insecurity in the total population (percent) (3-year average),2020-2022,
43600,Democratic People's Republic of Korea,Prevalence of moderate or severe food insecurity in the total population (percent) (3-year average),2020-2022,
44451,Democratic Republic of the Congo,Prevalence of moderate or severe food insecurity in the total population (percent) (3-year average),2020-2022,76.6
44458,Democratic Republic of the Congo,Prevalence of moderate or severe food insecurity in the total population (percent) (3-year average),2020-2022,74.6
44465,Democratic Republic of the Congo,Prevalence of moderate or severe food insecurity in the total population (percent) (3-year average),2020-2022,78.7
45371,Denmark,Prevalence of moderate or severe food insecurity in the total population (percent) (3-year average),2020-2022,6.8
45378,Denmark,Prevalence of moderate or severe food insecurity in the total population (percent) (3-year average),2020-2022,5
45385,Denmark,Prevalence of moderate or severe food insecurity in the total population (percent) (3-year average),2020-2022,8.6
46189,Djibouti,Prevalence of moderate or severe food insecurity in the total population (percent) (3-year average),2020-2022,49.2
46196,Djibouti,Prevalence of moderate or severe food insecurity in the total population (percent) (3-year average),2020-2022,43.2
46203,Djibouti,Prevalence of moderate or severe food insecurity in the total population (percent) (3-year average),2020-2022,55.2
47053,Dominica,Prevalence of moderate or severe food insecurity in the total population (percent) (3-year average),2020-2022,
47060,Dominica,Prevalence of moderate or severe food insecurity in the total population (percent) (3-year average),2020-2022,
47067,Dominica,Prevalence of moderate or severe food insecurity in the total population (percent) (3-year average),2020-2022,
47780,Dominican Republic,Prevalence of moderate or severe food insecurity in the total population (percent) (3-year average),2020-2022,52.1
47787,Dominican Republic,Prevalence of moderate or severe food insecurity in the total population (percent) (3-year average),2020-2022,48.5
47794,Dominican Republic,Prevalence of moderate or severe food insecurity in the total population (percent) (3-year average),2020-2022,55.7
48678,Ecuador,Prevalence of moderate or severe food insecurity in the total population (percent) (3-year average),2020-2022,37.3
48685,Ecuador,Prevalence of moderate or severe food insecurity in the total population (percent) (3-year average),2020-2022,34
48692,Ecuador,Prevalence of moderate or severe food insecurity in the total population (percent) (3-year average),2020-2022,40.6
49622,Egypt,Prevalence of moderate or severe food insecurity in the total population (percent) (3-year average),2020-2022,28.5
49629,Egypt,Prevalence of moderate or severe food insecurity in the total population (percent) (3-year average),2020-2022,25.9
49636,Egypt,Prevalence of moderate or severe food insecurity in the total population (percent) (3-year average),2020-2022,31.1
50495,El Salvador,Prevalence of moderate or severe food insecurity in the total population (percent) (3-year average),2020-2022,48.4
50502,El Salvador,Prevalence of moderate or severe food insecurity in the total population (percent) (3-year average),2020-2022,44.8
50509,El Salvador,Prevalence of moderate or severe food insecurity in the total population (percent) (3-year average),2020-2022,52
51303,Equatorial Guinea,Prevalence of moderate or severe food insecurity in the total population (percent) (3-year average),2020-2022,
51310,Equatorial Guinea,Prevalence of moderate or severe food insecurity in the total population (percent) (3-year average),2020-2022,
51317,Equatorial Guinea,Prevalence of moderate or severe food insecurity in the total population (percent) (3-year average),2020-2022,
51964,Eritrea,Prevalence of moderate or severe food insecurity in the total population (percent) (3-year average),2020-2022,
51971,Eritrea,Prevalence of moderate or severe food insecurity in the total population (percent) (3-year average),2020-2022,
51978,Eritrea,Prevalence of moderate or severe food insecurity in the total population (percent) (3-year average),2020-2022,
52796,Estonia,Prevalence of moderate or severe food insecurity in the total population (percent) (3-year average),2020-2022,8.5
52803,Estonia,Prevalence of moderate or severe food insecurity in the total population (percent) (3-year average),2020-2022,5.3
52810,Estonia,Prevalence of moderate or severe food insecurity in the total population (percent) (3-year average),2020-2022,11.7
53727,Eswatini,Prevalence of moderate or severe food insecurity in the total population (percent) (3-year average),2020-2022,67
53734,Eswatini,Prevalence of moderate or severe food insecurity in the total population (percent) (3-year average),2020-2022,62.1
53741,Eswatini,Prevalence of moderate or severe food insecurity in the total population (percent) (3-year average),2020-2022,71.9
54622,Ethiopia,Prevalence of moderate or severe food insecurity in the total population (percent) (3-year average),2020-2022,58.1
54629,Ethiopia,Prevalence of moderate or severe food insecurity in the total population (percent) (3-year average),2020-2022,53.8
54636,Ethiopia,Prevalence of moderate or severe food insecurity in the total population (percent) (3-year average),2020-2022,62.4
55517,Fiji,Prevalence of moderate or severe food insecurity in the total population (percent) (3-year average),2020-2022,24.2
55524,Fiji,Prevalence of moderate or severe food insecurity in the total population (percent) (3-year average),2020-2022,19.5
55531,Fiji,Prevalence of moderate or severe food insecurity in the total population (percent) (3-year average),2020-2022,28.9
56422,Finland,Prevalence of moderate or severe food insecurity in the total population (percent) (3-year average),2020-2022,10.5
56429,Finland,Prevalence of moderate or severe food insecurity in the total population (percent) (3-year average),2020-2022,6.5
56436,Finland,Prevalence of moderate or severe food insecurity in the total population (percent) (3-year average),2020-2022,14.5
57269,France,Prevalence of moderate or severe food insecurity in the total population (percent) (3-year average),2020-2022,6.6
57276,France,Prevalence of moderate or severe food insecurity in the total population (percent) (3-year average),2020-2022,5.5
57283,France,Prevalence of moderate or severe food insecurity in the total population (percent) (3-year average),2020-2022,7.7
58074,French Polynesia,Prevalence of moderate or severe food insecurity in the total population (percent) (3-year average),2020-2022,
58081,French Polynesia,Prevalence of moderate or severe food insecurity in the total population (percent) (3-year average),2020-2022,
58088,French Polynesia,Prevalence of moderate or severe food insecurity in the total population (percent) (3-year average),2020-2022,
58753,Gabon,Prevalence of moderate or severe food insecurity in the total population (percent) (3-year average),2020-2022,
58760,Gabon,Prevalence of moderate or severe food insecurity in the total population (percent) (3-year average),2020-2022,
58767,Gabon,Prevalence of moderate or severe food insecurity in the total population (percent) (3-year average),2020-2022,
59639,Gambia,Prevalence of moderate or severe food insecurity in the total population (percent) (3-year average),2020-2022,60.7
59646,Gambia,Prevalence of moderate or severe food insecurity in the total population (percent) (3-year average),2020-2022,57.9
59653,Gambia,Prevalence of moderate or severe food insecurity in the total population (percent) (3-year average),2020-2022,63.6
60600,Georgia,Prevalence of moderate or severe food insecurity in the total population (percent) (3-year average),2020-2022,36.5
60607,Georgia,Prevalence of moderate or severe food insecurity in the total population (percent) (3-year average),2020-2022,33.6
60614,Georgia,Prevalence of moderate or severe food insecurity in the total population (percent) (3-year average),2020-2022,39.5
61550,Germany,Prevalence of moderate or severe food insecurity in the total population (percent) (3-year average),2020-2022,3.8
61557,Germany,Prevalence of moderate or severe food insecurity in the total population (percent) (3-year average),2020-2022,2.4
61564,Germany,Prevalence of moderate or severe food insecurity in the total population (percent) (3-year average),2020-2022,5.3
62479,Ghana,Prevalence of moderate or severe food insecurity in the total population (percent) (3-year average),2020-2022,39.4
62486,Ghana,Prevalence of moderate or severe food insecurity in the total population (percent) (3-year average),2020-2022,37.5
62493,Ghana,Prevalence of moderate or severe food insecurity in the total population (percent) (3-year average),2020-2022,41.4
63438,Greece,Prevalence of moderate or severe food insecurity in the total population (percent) (3-year average),2020-2022,6.3
63445,Greece,Prevalence of moderate or severe food insecurity in the total population (percent) (3-year average),2020-2022,4.8
63452,Greece,Prevalence of moderate or severe food insecurity in the total population (percent) (3-year average),2020-2022,7.7
64259,Greenland,Prevalence of moderate or severe food insecurity in the total population (percent) (3-year average),2020-2022,
64266,Greenland,Prevalence of moderate or severe food insecurity in the total population (percent) (3-year average),2020-2022,
64273,Greenland,Prevalence of moderate or severe food insecurity in the total population (percent) (3-year average),2020-2022,
64752,Grenada,Prevalence of moderate or severe food insecurity in the total population (percent) (3-year average),2020-2022,21.1
64759,Grenada,Prevalence of moderate or severe food insecurity in the total population (percent) (3-year average),2020-2022,15.4
64766,Grenada,Prevalence of moderate or severe food insecurity in the total population (percent) (3-year average),2020-2022,26.8
65488,Guatemala,Prevalence of moderate or severe food insecurity in the total population (percent) (3-year average),2020-2022,59.8
65495,Guatemala,Prevalence of moderate or severe food insecurity in the total population (percent) (3-year average),2020-2022,56.9
65502,Guatemala,Prevalence of moderate or severe food insecurity in the total population (percent) (3-year average),2020-2022,62.7
66400,Guinea,Prevalence of moderate or severe food insecurity in the total population (percent) (3-year average),2020-2022,73.1
66407,Guinea,Prevalence of moderate or severe food insecurity in the total population (percent) (3-year average),2020-2022,69.6
66414,Guinea,Prevalence of moderate or severe food insecurity in the total population (percent) (3-year average),2020-2022,76.6
67251,Guinea-Bissau,Prevalence of moderate or severe food insecurity in the total population (percent) (3-year average),2020-2022,77.8
67258,Guinea-Bissau,Prevalence of moderate or severe food insecurity in the total population (percent) (3-year average),2020-2022,74.8
67265,Guinea-Bissau,Prevalence of moderate or severe food insecurity in the total population (percent) (3-year average),2020-2022,80.9
68180,Guyana,Prevalence of moderate or severe food insecurity in the total population (percent) (3-year average),2020-2022,
68187,Guyana,Prevalence of moderate or severe food insecurity in the total population (percent) (3-year average),2020-2022,
68194,Guyana,Prevalence of moderate or severe food insecurity in the total population (percent) (3-year average),2020-2022,
69072,Haiti,Prevalence of moderate or severe food insecurity in the total population (percent) (3-year average),2020-2022,82.6
69079,Haiti,Prevalence of moderate or severe food insecurity in the total population (percent) (3-year average),2020-2022,77.9
69086,Haiti,Prevalence of moderate or severe food insecurity in the total population (percent) (3-year average),2020-2022,87.4
69920,Honduras,Prevalence of moderate or severe food insecurity in the total population (percent) (3-year average),2020-2022,56.1
69927,Honduras,Prevalence of moderate or severe food insecurity in the total population (percent) (3-year average),2020-2022,53.7
69934,Honduras,Prevalence of moderate or severe food insecurity in the total population (percent) (3-year average),2020-2022,58.4
70852,Hungary,Prevalence of moderate or severe food insecurity in the total population (percent) (3-year average),2020-2022,12.6
70859,Hungary,Prevalence of moderate or severe food insecurity in the total population (percent) (3-year average),2020-2022,9.9
70866,Hungary,Prevalence of moderate or severe food insecurity in the total population (percent) (3-year average),2020-2022,15.4
71679,Iceland,Prevalence of moderate or severe food insecurity in the total population (percent) (3-year average),2020-2022,6.1
71686,Iceland,Prevalence of moderate or severe food insecurity in the total population (percent) (3-year average),2020-2022,4.1
71693,Iceland,Prevalence of moderate or severe food insecurity in the total population (percent) (3-year average),2020-2022,8.2
72499,India,Prevalence of moderate or severe food insecurity in the total population (percent) (3-year average),2020-2022,
72506,India,Prevalence of moderate or severe food insecurity in the total population (percent) (3-year average),2020-2022,
72513,India,Prevalence of moderate or severe food insecurity in the total population (percent) (3-year average),2020-2022,
73425,Indonesia,Prevalence of moderate or severe food insecurity in the total population (percent) (3-year average),2020-2022,4.9
73432,Indonesia,Prevalence of moderate or severe food insecurity in the total population (percent) (3-year average),2020-2022,3.8
73439,Indonesia,Prevalence of moderate or severe food insecurity in the total population (percent) (3-year average),2020-2022,6
74342,Iran (Islamic Republic of),Prevalence of moderate or severe food insecurity in the total population (percent) (3-year average),2020-2022,40.8
74349,Iran (Islamic Republic of),Prevalence of moderate or severe food insecurity in the total population (percent) (3-year average),2020-2022,37.4
74356,Iran (Islamic Republic of),Prevalence of moderate or severe food insecurity in the total population (percent) (3-year average),2020-2022,44.2
75218,Iraq,Prevalence of moderate or severe food insecurity in the total population (percent) (3-year average),2020-2022,
75225,Iraq,Prevalence of moderate or severe food insecurity in the total population (percent) (3-year average),2020-2022,
75232,Iraq,Prevalence of moderate or severe food insecurity in the total population (percent) (3-year average),2020-2022,
76171,Ireland,Prevalence of moderate or severe food insecurity in the total population (percent) (3-year average),2020-2022,5.4
76178,Ireland,Prevalence of moderate or severe food insecurity in the total population (percent) (3-year average),2020-2022,4.3
76185,Ireland,Prevalence of moderate or severe food insecurity in the total population (percent) (3-year average),2020-2022,6.5
76999,Israel,Prevalence of moderate or severe food insecurity in the total population (percent) (3-year average),2020-2022,13.2
77006,Israel,Prevalence of moderate or severe food insecurity in the total population (percent) (3-year average),2020-2022,11
77013,Israel,Prevalence of moderate or severe food insecurity in the total population (percent) (3-year average),2020-2022,15.5
77847,Italy,Prevalence of moderate or severe food insecurity in the total population (percent) (3-year average),2020-2022,5.7
77854,Italy,Prevalence of moderate or severe food insecurity in the total population (percent) (3-year average),2020-2022,4.1
77861,Italy,Prevalence of moderate or severe food insecurity in the total population (percent) (3-year average),2020-2022,7.3
78674,Jamaica,Prevalence of moderate or severe food insecurity in the total population (percent) (3-year average),2020-2022,54.4
78681,Jamaica,Prevalence of moderate or severe food insecurity in the total population (percent) (3-year average),2020-2022,49.6
78688,Jamaica,Prevalence of moderate or severe food insecurity in the total population (percent) (3-year average),2020-2022,59.1
79580,Japan,Prevalence of moderate or severe food insecurity in the total population (percent) (3-year average),2020-2022,4.4
79587,Japan,Prevalence of moderate or severe food insecurity in the total population (percent) (3-year average),2020-2022,3.2
79594,Japan,Prevalence of moderate or severe food insecurity in the total population (percent) (3-year average),2020-2022,5.7
80501,Jordan,Prevalence of moderate or severe food insecurity in the total population (percent) (3-year average),2020-2022,
80508,Jordan,Prevalence of moderate or severe food insecurity in the total population (percent) (3-year average),2020-2022,
80515,Jordan,Prevalence of moderate or severe food insecurity in the total population (percent) (3-year average),2020-2022,
81455,Kazakhstan,Prevalence of moderate or severe food insecurity in the total population (percent) (3-year average),2020-2022,2.4
81462,Kazakhstan,Prevalence of moderate or severe food insecurity in the total population (percent) (3-year average),2020-2022,1.6
81469,Kazakhstan,Prevalence of moderate or severe food insecurity in the total population (percent) (3-year average),2020-2022,3.2
82367,Kenya,Prevalence of moderate or severe food insecurity in the total population (percent) (3-year average),2020-2022,72.3
82374,Kenya,Prevalence of moderate or severe food insecurity in the total population (percent) (3-year average),2020-2022,70.7
82381,Kenya,Prevalence of moderate or severe food insecurity in the total population (percent) (3-year average),2020-2022,73.8
83264,Kiribati,Prevalence of moderate or severe food insecurity in the total population (percent) (3-year average),2020-2022,41
83271,Kiribati,Prevalence of moderate or severe food insecurity in the total population (percent) (3-year average),2020-2022,36.8
83278,Kiribati,Prevalence of moderate or severe food insecurity in the total population (percent) (3-year average),2020-2022,45.2
84148,Kuwait,Prevalence of moderate or severe food insecurity in the total population (percent) (3-year average),2020-2022,10.9
84155,Kuwait,Prevalence of moderate or severe food insecurity in the total population (percent) (3-year average),2020-2022,9
84162,Kuwait,Prevalence of moderate or severe food insecurity in the total population (percent) (3-year average),2020-2022,12.8
85129,Kyrgyzstan,Prevalence of moderate or severe food insecurity in the total population (percent) (3-year average),2020-2022,6.9
85136,Kyrgyzstan,Prevalence of moderate or severe food insecurity in the total population (percent) (3-year average),2020-2022,6.8
85143,Kyrgyzstan,Prevalence of moderate or severe food insecurity in the total population (percent) (3-year average),2020-2022,6.9
86063,Lao People's Democratic Republic,Prevalence of moderate or severe food insecurity in the total population (percent) (3-year average),2020-2022,34.1
86070,Lao People's Democratic Republic,Prevalence of moderate or severe food insecurity in the total population (percent) (3-year average),2020-2022,31
86077,Lao People's Democratic Republic,Prevalence of moderate or severe food insecurity in the total population (percent) (3-year average),2020-2022,37.1
87018,Latvia,Prevalence of moderate or severe food insecurity in the total population (percent) (3-year average),2020-2022,9.4
87025,Latvia,Prevalence of moderate or severe food insecurity in the total population (percent) (3-year average),2020-2022,7.1
87032,Latvia,Prevalence of moderate or severe food insecurity in the total population (percent) (3-year average),2020-2022,11.6
87940,Lebanon,Prevalence of moderate or severe food insecurity in the total population (percent) (3-year average),2020-2022,36.5
87947,Lebanon,Prevalence of moderate or severe food insecurity in the total population (percent) (3-year average),2020-2022,34.1
87954,Lebanon,Prevalence of moderate or severe food insecurity in the total population (percent) (3-year average),2020-2022,39
88864,Lesotho,Prevalence of moderate or severe food insecurity in the total population (percent) (3-year average),2020-2022,56.7
88871,Lesotho,Prevalence of moderate or severe food insecurity in the total population (percent) (3-year average),2020-2022,54.7
88878,Lesotho,Prevalence of moderate or severe food insecurity in the total population (percent) (3-year average),2020-2022,58.7
89797,Liberia,Prevalence of moderate or severe food insecurity in the total population (percent) (3-year average),2020-2022,81.2
89804,Liberia,Prevalence of moderate or severe food insecurity in the total population (percent) (3-year average),2020-2022,78.2
89811,Liberia,Prevalence of moderate or severe food insecurity in the total population (percent) (3-year average),2020-2022,84.3
90665,Libya,Prevalence of moderate or severe food insecurity in the total population (percent) (3-year average),2020-2022,39.8
90672,Libya,Prevalence of moderate or severe food insecurity in the total population (percent) (3-year average),2020-2022,36.6
90679,Libya,Prevalence of moderate or severe food insecurity in the total population (percent) (3-year average),2020-2022,43.1
91521,Lithuania,Prevalence of moderate or severe food insecurity in the total population (percent) (3-year average),2020-2022,8.5
91528,Lithuania,Prevalence of moderate or severe food insecurity in the total population (percent) (3-year average),2020-2022,6.7
91535,Lithuania,Prevalence of moderate or severe food insecurity in the total population (percent) (3-year average),2020-2022,10.3
92464,Luxembourg,Prevalence of moderate or severe food insecurity in the total population (percent) (3-year average),2020-2022,2.7
92471,Luxembourg,Prevalence of moderate or severe food insecurity in the total population (percent) (3-year average),2020-2022,1.8
92478,Luxembourg,Prevalence of moderate or severe food insecurity in the total population (percent) (3-year average),2020-2022,3.6
93276,Madagascar,Prevalence of moderate or severe food insecurity in the total population (percent) (3-year average),2020-2022,64.9
93283,Madagascar,Prevalence of moderate or severe food insecurity in the total population (percent) (3-year average),2020-2022,62.4
93290,Madagascar,Prevalence of moderate or severe food insecurity in the total population (percent) (3-year average),2020-2022,67.3
94210,Malawi,Prevalence of moderate or severe food insecurity in the total population (percent) (3-year average),2020-2022,82.4
94217,Malawi,Prevalence of moderate or severe food insecurity in the total population (percent) (3-year average),2020-2022,81
94224,Malawi,Prevalence of moderate or severe food insecurity in the total population (percent) (3-year average),2020-2022,83.8
95158,Malaysia,Prevalence of moderate or severe food insecurity in the total population (percent) (3-year average),2020-2022,16
95165,Malaysia,Prevalence of moderate or severe food insecurity in the total population (percent) (3-year average),2020-2022,13.6
95172,Malaysia,Prevalence of moderate or severe food insecurity in the total population (percent) (3-year average),2020-2022,18.3
96062,Maldives,Prevalence of moderate or severe food insecurity in the total population (percent) (3-year average),2020-2022,13.4
96069,Maldives,Prevalence of moderate or severe food insecurity in the total population (percent) (3-year average),2020-2022,10.8
96076,Maldives,Prevalence of moderate or severe food insecurity in the total population (percent) (3-year average),2020-2022,15.9
96903,Mali,Prevalence of moderate or severe food insecurity in the total population (percent) (3-year average),2020-2022,
96910,Mali,Prevalence of moderate or severe food insecurity in the total population (percent) (3-year average),2020-2022,
96917,Mali,Prevalence of moderate or severe food insecurity in the total population (percent) (3-year average),2020-2022,
97794,Malta,Prevalence of moderate or severe food insecurity in the total population (percent) (3-year average),2020-2022,7.2
97801,Malta,Prevalence of moderate or severe food insecurity in the total population (percent) (3-year average),2020-2022,5.8
97808,Malta,Prevalence of moderate or severe food insecurity in the total population (percent) (3-year average),2020-2022,8.6
98543,Marshall Islands,Prevalence of moderate or severe food insecurity in the total population (percent) (3-year average),2020-2022,
98550,Marshall Islands,Prevalence of moderate or severe food insecurity in the total population (percent) (3-year average),2020-2022,
98557,Marshall Islands,Prevalence of moderate or severe food insecurity in the total population (percent) (3-year average),2020-2022,
99220,Mauritania,Prevalence of moderate or severe food insecurity in the total population (percent) (3-year average),2020-2022,53.7
99227,Mauritania,Prevalence of moderate or severe food insecurity in the total population (percent) (3-year average),2020-2022,51.8
99234,Mauritania,Prevalence of moderate or severe food insecurity in the total population (percent) (3-year average),2020-2022,55.6
100080,Mauritius,Prevalence of moderate or severe food insecurity in the total population (percent) (3-year average),2020-2022,32
100087,Mauritius,Prevalence of moderate or severe food insecurity in the total population (percent) (3-year average),2020-2022,28.8
100094,Mauritius,Prevalence of moderate or severe food insecurity in the total population (percent) (3-year average),2020-2022,35.1
100954,Mexico,Prevalence of moderate or severe food insecurity in the total population (percent) (3-year average),2020-2022,27.6
100961,Mexico,Prevalence of moderate or severe food insecurity in the total population (percent) (3-year average),2020-2022,26.7
100968,Mexico,Prevalence of moderate or severe food insecurity in the total population (percent) (3-year average),2020-2022,28.5
101820,Micronesia (Federated States of),Prevalence of moderate or severe food insecurity in the total population (percent) (3-year average),2020-2022,
101827,Micronesia (Federated States of),Prevalence of moderate or severe food insecurity in the total population (percent) (3-year average),2020-2022,
101834,Micronesia (Federated States of),Prevalence of moderate or severe food insecurity in the total population (percent) (3-year average),2020-2022,
102480,Mongolia,Prevalence of moderate or severe food insecurity in the total population (percent) (3-year average),2020-2022,5.7
102487,Mongolia,Prevalence of moderate or severe food insecurity in the total population (percent) (3-year average),2020-2022,4.9
102494,Mongolia,Prevalence of moderate or severe food insecurity in the total population (percent) (3-year average),2020-2022,6.5
103425,Montenegro,Prevalence of moderate or severe food insecurity in the total population (percent) (3-year average),2020-2022,12.9
103432,Montenegro,Prevalence of moderate or severe food insecurity in the total population (percent) (3-year average),2020-2022,10.3
103439,Montenegro,Prevalence of moderate or severe food insecurity in the total population (percent) (3-year average),2020-2022,15.4
104311,Morocco,Prevalence of moderate or severe food insecurity in the total population (percent) (3-year average),2020-2022,
104318,Morocco,Prevalence of moderate or severe food insecurity in the total population (percent) (3-year average),2020-2022,
104325,Morocco,Prevalence of moderate or severe food insecurity in the total population (percent) (3-year average),2020-2022,
105253,Mozambique,Prevalence of moderate or severe food insecurity in the total population (percent) (3-year average),2020-2022,75.4
105260,Mozambique,Prevalence of moderate or severe food insecurity in the total population (percent) (3-year average),2020-2022,71.6
105267,Mozambique,Prevalence of moderate or severe food insecurity in the total population (percent) (3-year average),2020-2022,79.2
106147,Myanmar,Prevalence of moderate or severe food insecurity in the total population (percent) (3-year average),2020-2022,29.3
106154,Myanmar,Prevalence of moderate or severe food insecurity in the total population (percent) (3-year average),2020-2022,25.8
106161,Myanmar,Prevalence of moderate or severe food insecurity in the total population (percent) (3-year average),2020-2022,32.8
107080,Namibia,Prevalence of moderate or severe food insecurity in the total population (percent) (3-year average),2020-2022,57.7
107087,Namibia,Prevalence of moderate or severe food insecurity in the total population (percent) (3-year average),2020-2022,55.3
107094,Namibia,Prevalence of moderate or severe food insecurity in the total population (percent) (3-year average),2020-2022,60.1
107888,Nauru,Prevalence of moderate or severe food insecurity in the total population (percent) (3-year average),2020-2022,
107895,Nauru,Prevalence of moderate or severe food insecurity in the total population (percent) (3-year average),2020-2022,
107902,Nauru,Prevalence of moderate or severe food insecurity in the total population (percent) (3-year average),2020-2022,
108572,Nepal,Prevalence of moderate or severe food insecurity in the total population (percent) (3-year average),2020-2022,37.4
108579,Nepal,Prevalence of moderate or severe food insecurity in the total population (percent) (3-year average),2020-2022,34.3
108586,Nepal,Prevalence of moderate or severe food insecurity in the total population (percent) (3-year average),2020-2022,40.5
109525,Netherlands (Kingdom of the),Prevalence of moderate or severe food insecurity in the total population (percent) (3-year average),2020-2022,4.5
109532,Netherlands (Kingdom of the),Prevalence of moderate or severe food insecurity in the total population (percent) (3-year average),2020-2022,3
109539,Netherlands (Kingdom of the),Prevalence of moderate or severe food insecurity in the total population (percent) (3-year average),2020-2022,6
110424,New Caledonia,Prevalence of moderate or severe food insecurity in the total population (percent) (3-year average),2020-2022,
110431,New Caledonia,Prevalence of moderate or severe food insecurity in the total population (percent) (3-year average),2020-2022,
110438,New Caledonia,Prevalence of moderate or severe food insecurity in the total population (percent) (3-year average),2020-2022,
111093,New Zealand,Prevalence of moderate or severe food insecurity in the total population (percent) (3-year average),2020-2022,15.1
111100,New Zealand,Prevalence of moderate or severe food insecurity in the total population (percent) (3-year average),2020-2022,13.1
111107,New Zealand,Prevalence of moderate or severe food insecurity in the total population (percent) (3-year average),2020-2022,17.1
111920,Nicaragua,Prevalence of moderate or severe food insecurity in the total population (percent) (3-year average),2020-2022,
111927,Nicaragua,Prevalence of moderate or severe food insecurity in the total population (percent) (3-year average),2020-2022,
111934,Nicaragua,Prevalence of moderate or severe food insecurity in the total population (percent) (3-year average),2020-2022,
112829,Niger,Prevalence of moderate or severe food insecurity in the total population (percent) (3-year average),2020-2022,71.4
112836,Niger,Prevalence of moderate or severe food insecurity in the total population (percent) (3-year average),2020-2022,67.2
112843,Niger,Prevalence of moderate or severe food insecurity in the total population (percent) (3-year average),2020-2022,75.6
113745,Nigeria,Prevalence of moderate or severe food insecurity in the total population (percent) (3-year average),2020-2022,69.7
113752,Nigeria,Prevalence of moderate or severe food insecurity in the total population (percent) (3-year average),2020-2022,67.3
113759,Nigeria,Prevalence of moderate or severe food insecurity in the total population (percent) (3-year average),2020-2022,72
114544,Niue,Prevalence of moderate or severe food insecurity in the total population (percent) (3-year average),2020-2022,
114551,Niue,Prevalence of moderate or severe food insecurity in the total population (percent) (3-year average),2020-2022,
114558,Niue,Prevalence of moderate or severe food insecurity in the total population (percent) (3-year average),2020-2022,
115138,North Macedonia,Prevalence of moderate or severe food insecurity in the total population (percent) (3-year average),2020-2022,24
115145,North Macedonia,Prevalence of moderate or severe food insecurity in the total population (percent) (3-year average),2020-2022,21.9
115152,North Macedonia,Prevalence of moderate or severe food insecurity in the total population (percent) (3-year average),2020-2022,26.2
116083,Norway,Prevalence of moderate or severe food insecurity in the total population (percent) (3-year average),2020-2022,5.2
116090,Norway,Prevalence of moderate or severe food insecurity in the total population (percent) (3-year average),2020-2022,3.6
116097,Norway,Prevalence of moderate or severe food insecurity in the total population (percent) (3-year average),2020-2022,6.8
116910,Oman,Prevalence of moderate or severe food insecurity in the total population (percent) (3-year average),2020-2022,
116917,Oman,Prevalence of moderate or severe food insecurity in the total population (percent) (3-year average),2020-2022,
116924,Oman,Prevalence of moderate or severe food insecurity in the total population (percent) (3-year average),2020-2022,
117837,Pakistan,Prevalence of moderate or severe food insecurity in the total population (percent) (3-year average),2020-2022,42.3
117844,Pakistan,Prevalence of moderate or severe food insecurity in the total population (percent) (3-year average),2020-2022,40.7
117851,Pakistan,Prevalence of moderate or severe food insecurity in the total population (percent) (3-year average),2020-2022,43.9
118627,Palau,Prevalence of moderate or severe food insecurity in the total population (percent) (3-year average),2020-2022,
118634,Palau,Prevalence of moderate or severe food insecurity in the total population (percent) (3-year average),2020-2022,
118641,Palau,Prevalence of moderate or severe food insecurity in the total population (percent) (3-year average),2020-2022,
119164,Palestine,Prevalence of moderate or severe food insecurity in the total population (percent) (3-year average),2020-2022,28.1
119171,Palestine,Prevalence of moderate or severe food insecurity in the total population (percent) (3-year average),2020-2022,24.9
119178,Palestine,Prevalence of moderate or severe food insecurity in the total population (percent) (3-year average),2020-2022,31.3
119985,Panama,Prevalence of moderate or severe food insecurity in the total population (percent) (3-year average),2020-2022,
119992,Panama,Prevalence of moderate or severe food insecurity in the total population (percent) (3-year average),2020-2022,
119999,Panama,Prevalence of moderate or severe food insecurity in the total population (percent) (3-year average),2020-2022,
120844,Papua New Guinea,Prevalence of moderate or severe food insecurity in the total population (percent) (3-year average),2020-2022,
120851,Papua New Guinea,Prevalence of moderate or severe food insecurity in the total population (percent) (3-year average),2020-2022,
120858,Papua New Guinea,Prevalence of moderate or severe food insecurity in the total population (percent) (3-year average),2020-2022,
121682,Paraguay,Prevalence of moderate or severe food insecurity in the total population (percent) (3-year average),2020-2022,25.9
121689,Paraguay,Prevalence of moderate or severe food insecurity in the total population (percent) (3-year average),2020-2022,22.7
121696,Paraguay,Prevalence of moderate or severe food insecurity in the total population (percent) (3-year average),2020-2022,29.1
122611,Peru,Prevalence of moderate or severe food insecurity in the total population (percent) (3-year average),2020-2022,
122618,Peru,Prevalence of moderate or severe food insecurity in the total population (percent) (3-year average),2020-2022,
122625,Peru,Prevalence of moderate or severe food insecurity in the total population (percent) (3-year average),2020-2022,
123582,Philippines,Prevalence of moderate or severe food insecurity in the total population (percent) (3-year average),2020-2022,44.7
123589,Philippines,Prevalence of moderate or severe food insecurity in the total population (percent) (3-year average),2020-2022,43.2
123596,Philippines,Prevalence of moderate or severe food insecurity in the total population (percent) (3-year average),2020-2022,46.1
124535,Poland,Prevalence of moderate or severe food insecurity in the total population (percent) (3-year average),2020-2022,7.5
124542,Poland,Prevalence of moderate or severe food insecurity in the total population (percent) (3-year average),2020-2022,6
124549,Poland,Prevalence of moderate or severe food insecurity in the total population (percent) (3-year average),2020-2022,9.1
125427,Portugal,Prevalence of moderate or severe food insecurity in the total population (percent) (3-year average),2020-2022,12.4
125434,Portugal,Prevalence of moderate or severe food insecurity in the total population (percent) (3-year average),2020-2022,9.9
125441,Portugal,Prevalence of moderate or severe food insecurity in the total population (percent) (3-year average),2020-2022,15
126271,Puerto Rico,Prevalence of moderate or severe food insecurity in the total population (percent) (3-year average),2020-2022,
126278,Puerto Rico,Prevalence of moderate or severe food insecurity in the total population (percent) (3-year average),2020-2022,
126285,Puerto Rico,Prevalence of moderate or severe food insecurity in the total population (percent) (3-year average),2020-2022,
126868,Qatar,Prevalence of moderate or severe food insecurity in the total population (percent) (3-year average),2020-2022,
126875,Qatar,Prevalence of moderate or severe food insecurity in the total population (percent) (3-year average),2020-2022,
126882,Qatar,Prevalence of moderate or severe food insecurity in the total population (percent) (3-year average),2020-2022,
127749,Republic of Korea,Prevalence of moderate or severe food insecurity in the total population (percent) (3-year average),2020-2022,5.6
127756,Republic of Korea,Prevalence of moderate or severe food insecurity in the total population (percent) (3-year average),2020-2022,4.2
127763,Republic of Korea,Prevalence of moderate or severe food insecurity in the total population (percent) (3-year average),2020-2022,6.9
128698,Republic of Moldova,Prevalence of moderate or severe food insecurity in the total population (percent) (3-year average),2020-2022,23.5
128705,Republic of Moldova,Prevalence of moderate or severe food insecurity in the total population (percent) (3-year average),2020-2022,21.2
128712,Republic of Moldova,Prevalence of moderate or severe food insecurity in the total population (percent) (3-year average),2020-2022,25.9
129623,Romania,Prevalence of moderate or severe food insecurity in the total population (percent) (3-year average),2020-2022,16.3
129630,Romania,Prevalence of moderate or severe food insecurity in the total population (percent) (3-year average),2020-2022,13.9
129637,Romania,Prevalence of moderate or severe food insecurity in the total population (percent) (3-year average),2020-2022,18.6
130568,Russian Federation,Prevalence of moderate or severe food insecurity in the total population (percent) (3-year average),2020-2022,5
130575,Russian Federation,Prevalence of moderate or severe food insecurity in the total population (percent) (3-year average),2020-2022,4.2
130582,Russian Federation,Prevalence of moderate or severe food insecurity in the total population (percent) (3-year average),2020-2022,5.8
131453,Rwanda,Prevalence of moderate or severe food insecurity in the total population (percent) (3-year average),2020-2022,
131460,Rwanda,Prevalence of moderate or severe food insecurity in the total population (percent) (3-year average),2020-2022,
131467,Rwanda,Prevalence of moderate or severe food insecurity in the total population (percent) (3-year average),2020-2022,
132353,Saint Kitts and Nevis,Prevalence of moderate or severe food insecurity in the total population (percent) (3-year average),2020-2022,29.8
132360,Saint Kitts and Nevis,Prevalence of moderate or severe food insecurity in the total population (percent) (3-year average),2020-2022,25
132367,Saint Kitts and Nevis,Prevalence of moderate or severe food insecurity in the total population (percent) (3-year average),2020-2022,34.7
133029,Saint Lucia,Prevalence of moderate or severe food insecurity in the total population (percent) (3-year average),2020-2022,22.2
133036,Saint Lucia,Prevalence of moderate or severe food insecurity in the total population (percent) (3-year average),2020-2022,18.6
133043,Saint Lucia,Prevalence of moderate or severe food insecurity in the total population (percent) (3-year average),2020-2022,25.9
133888,Saint Vincent and the Grenadines,Prevalence of moderate or severe food insecurity in the total population (percent) (3-year average),2020-2022,33.3
133895,Saint Vincent and the Grenadines,Prevalence of moderate or severe food insecurity in the total population (percent) (3-year average),2020-2022,32.2
133902,Saint Vincent and the Grenadines,Prevalence of moderate or severe food insecurity in the total population (percent) (3-year average),2020-2022,34.4
134627,Samoa,Prevalence of moderate or severe food insecurity in the total population (percent) (3-year average),2020-2022,23.6
134634,Samoa,Prevalence of moderate or severe food insecurity in the total population (percent) (3-year average),2020-2022,23.5
134641,Samoa,Prevalence of moderate or severe food insecurity in the total population (percent) (3-year average),2020-2022,23.7
135476,Sao Tome and Principe,Prevalence of moderate or severe food insecurity in the total population (percent) (3-year average),2020-2022,54.6
135483,Sao Tome and Principe,Prevalence of moderate or severe food insecurity in the total population (percent) (3-year average),2020-2022,50.4
135490,Sao Tome and Principe,Prevalence of moderate or severe food insecurity in the total population (percent) (3-year average),2020-2022,58.8
136403,Saudi Arabia,Prevalence of moderate or severe food insecurity in the total population (percent) (3-year average),2020-2022,
136410,Saudi Arabia,Prevalence of moderate or severe food insecurity in the total population (percent) (3-year average),2020-2022,
136417,Saudi Arabia,Prevalence of moderate or severe food insecurity in the total population (percent) (3-year average),2020-2022,
137279,Senegal,Prevalence of moderate or severe food insecurity in the total population (percent) (3-year average),2020-2022,49.8
137286,Senegal,Prevalence of moderate or severe food insecurity in the total population (percent) (3-year average),2020-2022,47.4
137293,Senegal,Prevalence of moderate or severe food insecurity in the total population (percent) (3-year average),2020-2022,52.2
138217,Serbia,Prevalence of moderate or severe food insecurity in the total population (percent) (3-year average),2020-2022,14.8
138224,Serbia,Prevalence of moderate or severe food insecurity in the total population (percent) (3-year average),2020-2022,12.1
138231,Serbia,Prevalence of moderate or severe food insecurity in the total population (percent) (3-year average),2020-2022,17.5
139088,Seychelles,Prevalence of moderate or severe food insecurity in the total population (percent) (3-year average),2020-2022,14.7
139095,Seychelles,Prevalence of moderate or severe food insecurity in the total population (percent) (3-year average),2020-2022,10.9
139102,Seychelles,Prevalence of moderate or severe food insecurity in the total population (percent) (3-year average),2020-2022,18.5
139935,Sierra Leone,Prevalence of moderate or severe food insecurity in the total population (percent) (3-year average),2020-2022,89.2
139942,Sierra Leone,Prevalence of moderate or severe food insecurity in the total population (percent) (3-year average),2020-2022,86.2
139949,Sierra Leone,Prevalence of moderate or severe food insecurity in the total population (percent) (3-year average),2020-2022,92.2
140799,Singapore,Prevalence of moderate or severe food insecurity in the total population (percent) (3-year average),2020-2022,6.6
140806,Singapore,Prevalence of moderate or severe food insecurity in the total population (percent) (3-year average),2020-2022,6.1
140813,Singapore,Prevalence of moderate or severe food insecurity in the total population (percent) (3-year average),2020-2022,7.1
141661,Slovakia,Prevalence of moderate or severe food insecurity in the total population (percent) (3-year average),2020-2022,8.3
141668,Slovakia,Prevalence of moderate or severe food insecurity in the total population (percent) (3-year average),2020-2022,6.9
141675,Slovakia,Prevalence of moderate or severe food insecurity in the total population (percent) (3-year average),2020-2022,9.6
142509,Slovenia,Prevalence of moderate or severe food insecurity in the total population (percent) (3-year average),2020-2022,7
142516,Slovenia,Prevalence of moderate or severe food insecurity in the total population (percent) (3-year average),2020-2022,5.2
142523,Slovenia,Prevalence of moderate or severe food insecurity in the total population (percent) (3-year average),2020-2022,8.8
143336,Solomon Islands,Prevalence of moderate or severe food insecurity in the total population (percent) (3-year average),2020-2022,
143343,Solomon Islands,Prevalence of moderate or severe food insecurity in the total population (percent) (3-year average),2020-2022,
143350,Solomon Islands,Prevalence of moderate or severe food insecurity in the total population (percent) (3-year average),2020-2022,
144122,Somalia,Prevalence of moderate or severe food insecurity in the total population (percent) (3-year average),2020-2022,79.5
144129,Somalia,Prevalence of moderate or severe food insecurity in the total population (percent) (3-year average),2020-2022,77
144136,Somalia,Prevalence of moderate or severe food insecurity in the total population (percent) (3-year average),2020-2022,82
144948,South Africa,Prevalence of moderate or severe food insecurity in the total population (percent) (3-year average),2020-2022,20.3
144955,South Africa,Prevalence of moderate or severe food insecurity in the total population (percent) (3-year average),2020-2022,19.3
144962,South Africa,Prevalence of moderate or severe food insecurity in the total population (percent) (3-year average),2020-2022,21.4
145743,South Sudan,Prevalence of moderate or severe food insecurity in the total population (percent) (3-year average),2020-2022,87.3
145750,South Sudan,Prevalence of moderate or severe food insecurity in the total population (percent) (3-year average),2020-2022,86
145757,South Sudan,Prevalence of moderate or severe food insecurity in the total population (percent) (3-year average),2020-2022,88.6
146437,Spain,Prevalence of moderate or severe food insecurity in the total population (percent) (3-year average),2020-2022,8
146444,Spain,Prevalence of moderate or severe food insecurity in the total population (percent) (3-year average),2020-2022,6.3
146451,Spain,Prevalence of moderate or severe food insecurity in the total population (percent) (3-year average),2020-2022,9.6
147273,Sri Lanka,Prevalence of moderate or severe food insecurity in the total population (percent) (3-year average),2020-2022,10.9
147280,Sri Lanka,Prevalence of moderate or severe food insecurity in the total population (percent) (3-year average),2020-2022,10.5
147287,Sri Lanka,Prevalence of moderate or severe food insecurity in the total population (percent) (3-year average),2020-2022,11.2
148148,Sudan,Prevalence of moderate or severe food insecurity in the total population (percent) (3-year average),2020-2022,51.8
148155,Sudan,Prevalence of moderate or severe food insecurity in the total population (percent) (3-year average),2020-2022,51.7
148162,Sudan,Prevalence of moderate or severe food insecurity in the total population (percent) (3-year average),2020-2022,52
148892,Suriname,Prevalence of moderate or severe food insecurity in the total population (percent) (3-year average),2020-2022,35.8
148899,Suriname,Prevalence of moderate or severe food insecurity in the total population (percent) (3-year average),2020-2022,30.6
148906,Suriname,Prevalence of moderate or severe food insecurity in the total population (percent) (3-year average),2020-2022,41.1
149845,Sweden,Prevalence of moderate or severe food insecurity in the total population (percent) (3-year average),2020-2022,5.4
149852,Sweden,Prevalence of moderate or severe food insecurity in the total population (percent) (3-year average),2020-2022,3.9
149859,Sweden,Prevalence of moderate or severe food insecurity in the total population (percent) (3-year average),2020-2022,6.9
150693,Switzerland,Prevalence of moderate or severe food insecurity in the total population (percent) (3-year average),2020-2022,2.1
150700,Switzerland,Prevalence of moderate or severe food insecurity in the total population (percent) (3-year average),2020-2022,1.5
150707,Switzerland,Prevalence of moderate or severe food insecurity in the total population (percent) (3-year average),2020-2022,2.7
151483,Syrian Arab Republic,Prevalence of moderate or severe food insecurity in the total population (percent) (3-year average),2020-2022,
151490,Syrian Arab Republic,Prevalence of moderate or severe food insecurity in the total population (percent) (3-year average),2020-2022,
151497,Syrian Arab Republic,Prevalence of moderate or severe food insecurity in the total population (percent) (3-year average),2020-2022,
152325,Tajikistan,Prevalence of moderate or severe food insecurity in the total population (percent) (3-year average),2020-2022,
152332,Tajikistan,Prevalence of moderate or severe food insecurity in the total population (percent) (3-year average),2020-2022,
152339,Tajikistan,Prevalence of moderate or severe food insecurity in the total population (percent) (3-year average),2020-2022,
153255,Thailand,Prevalence of moderate or severe food insecurity in the total population (percent) (3-year average),2020-2022,7.1
153262,Thailand,Prevalence of moderate or severe food insecurity in the total population (percent) (3-year average),2020-2022,6.6
153269,Thailand,Prevalence of moderate or severe food insecurity in the total population (percent) (3-year average),2020-2022,7.5
154167,Timor-Leste,Prevalence of moderate or severe food insecurity in the total population (percent) (3-year average),2020-2022,
154174,Timor-Leste,Prevalence of moderate or severe food insecurity in the total population (percent) (3-year average),2020-2022,
154181,Timor-Leste,Prevalence of moderate or severe food insecurity in the total population (percent) (3-year average),2020-2022,
155059,Togo,Prevalence of moderate or severe food insecurity in the total population (percent) (3-year average),2020-2022,62.9
155066,Togo,Prevalence of moderate or severe food insecurity in the total population (percent) (3-year average),2020-2022,60.5
155073,Togo,Prevalence of moderate or severe food insecurity in the total population (percent) (3-year average),2020-2022,65.3
155897,Tokelau,Prevalence of moderate or severe food insecurity in the total population (percent) (3-year average),2020-2022,
155904,Tokelau,Prevalence of moderate or severe food insecurity in the total population (percent) (3-year average),2020-2022,
155911,Tokelau,Prevalence of moderate or severe food insecurity in the total population (percent) (3-year average),2020-2022,
156298,Tonga,Prevalence of moderate or severe food insecurity in the total population (percent) (3-year average),2020-2022,17.6
156305,Tonga,Prevalence of moderate or severe food insecurity in the total population (percent) (3-year average),2020-2022,14.2
156312,Tonga,Prevalence of moderate or severe food insecurity in the total population (percent) (3-year average),2020-2022,20.9
157100,Trinidad and Tobago,Prevalence of moderate or severe food insecurity in the total population (percent) (3-year average),2020-2022,43.3
157107,Trinidad and Tobago,Prevalence of moderate or severe food insecurity in the total population (percent) (3-year average),2020-2022,39.6
157114,Trinidad and Tobago,Prevalence of moderate or severe food insecurity in the total population (percent) (3-year average),2020-2022,47
158002,Tunisia,Prevalence of moderate or severe food insecurity in the total population (percent) (3-year average),2020-2022,28.5
158009,Tunisia,Prevalence of moderate or severe food insecurity in the total population (percent) (3-year average),2020-2022,25.3
158016,Tunisia,Prevalence of moderate or severe food insecurity in the total population (percent) (3-year average),2020-2022,31.6
158954,Türkiye,Prevalence of moderate or severe food insecurity in the total population (percent) (3-year average),2020-2022,
158961,Türkiye,Prevalence of moderate or severe food insecurity in the total population (percent) (3-year average),2020-2022,
158968,Türkiye,Prevalence of moderate or severe food insecurity in the total population (percent) (3-year average),2020-2022,
159842,Turkmenistan,Prevalence of moderate or severe food insecurity in the total population (percent) (3-year average),2020-2022,
159849,Turkmenistan,Prevalence of moderate or severe food insecurity in the total population (percent) (3-year average),2020-2022,
159856,Turkmenistan,Prevalence of moderate or severe food insecurity in the total population (percent) (3-year average),2020-2022,
160665,Tuvalu,Prevalence of moderate or severe food insecurity in the total population (percent) (3-year average),2020-2022,
160672,Tuvalu,Prevalence of moderate or severe food insecurity in the total population (percent) (3-year average),2020-2022,
160679,Tuvalu,Prevalence of moderate or severe food insecurity in the total population (percent) (3-year average),2020-2022,
161373,Uganda,Prevalence of moderate or severe food insecurity in the total population (percent) (3-year average),2020-2022,74.2
161380,Uganda,Prevalence of moderate or severe food insecurity in the total population (percent) (3-year average),2020-2022,71.7
161387,Uganda,Prevalence of moderate or severe food insecurity in the total population (percent) (3-year average),2020-2022,76.6
162275,Ukraine,Prevalence of moderate or severe food insecurity in the total population (percent) (3-year average),2020-2022,28.2
162282,Ukraine,Prevalence of moderate or severe food insecurity in the total population (percent) (3-year average),2020-2022,25.3
162289,Ukraine,Prevalence of moderate or severe food insecurity in the total population (percent) (3-year average),2020-2022,31.1
163202,United Arab Emirates,Prevalence of moderate or severe food insecurity in the total population (percent) (3-year average),2020-2022,9.8
163209,United Arab Emirates,Prevalence of moderate or severe food insecurity in the total population (percent) (3-year average),2020-2022,8.1
163216,United Arab Emirates,Prevalence of moderate or severe food insecurity in the total population (percent) (3-year average),2020-2022,11.5
164023,United Kingdom of Great Britain and Northern Ireland,Prevalence of moderate or severe food insecurity in the total population (percent) (3-year average),2020-2022,4.1
164030,United Kingdom of Great Britain and Northern Ireland,Prevalence of moderate or severe food insecurity in the total population (percent) (3-year average),2020-2022,3.1
164037,United Kingdom of Great Britain and Northern Ireland,Prevalence of moderate or severe food insecurity in the total population (percent) (3-year average),2020-2022,5
164911,United Republic of Tanzania,Prevalence of moderate or severe food insecurity in the total population (percent) (3-year average),2020-2022,58.7
164918,United Republic of Tanzania,Prevalence of moderate or severe food insecurity in the total population (percent) (3-year average),2020-2022,56.6
164925,United Republic of Tanzania,Prevalence of moderate or severe food insecurity in the total population (percent) (3-year average),2020-2022,60.9
165855,United States of America,Prevalence of moderate or severe food insecurity in the total population (percent) (3-year average),2020-2022,7.8
165862,United States of America,Prevalence of moderate or severe food insecurity in the total population (percent) (3-year average),2020-2022,7.7
165869,United States of America,Prevalence of moderate or severe food insecurity in the total population (percent) (3-year average),2020-2022,7.9
166806,Uruguay,Prevalence of moderate or severe food insecurity in the total population (percent) (3-year average),2020-2022,15.2
166813,Uruguay,Prevalence of moderate or severe food insecurity in the total population (percent) (3-year average),2020-2022,14.1
166820,Uruguay,Prevalence of moderate or severe food insecurity in the total population (percent) (3-year average),2020-2022,16.3
167722,Uzbekistan,Prevalence of moderate or severe food insecurity in the total population (percent) (3-year average),2020-2022,26.1
167729,Uzbekistan,Prevalence of moderate or severe food insecurity in the total population (percent) (3-year average),2020-2022,23.5
167736,Uzbekistan,Prevalence of moderate or severe food insecurity in the total population (percent) (3-year average),2020-2022,28.7
168633,Vanuatu,Prevalence of moderate or severe food insecurity in the total population (percent) (3-year average),2020-2022,23.3
168640,Vanuatu,Prevalence of moderate or severe food insecurity in the total population (percent) (3-year average),2020-2022,21.1
168647,Vanuatu,Prevalence of moderate or severe food insecurity in the total population (percent) (3-year average),2020-2022,25.5
169481,Venezuela (Bolivarian Republic of),Prevalence of moderate or severe food insecurity in the total population (percent) (3-year average),2020-2022,
169488,Venezuela (Bolivarian Republic of),Prevalence of moderate or severe food insecurity in the total population (percent) (3-year average),2020-2022,
169495,Venezuela (Bolivarian Republic of),Prevalence of moderate or severe food insecurity in the total population (percent) (3-year average),2020-2022,
170410,Viet Nam,Prevalence of moderate or severe food insecurity in the total population (percent) (3-year average),2020-2022,9
170417,Viet Nam,Prevalence of moderate or severe food insecurity in the total population (percent) (3-year average),2020-2022,7.9
170424,Viet Nam,Prevalence of moderate or severe food insecurity in the total population (percent) (3-year average),2020-2022,10
171310,Yemen,Prevalence of moderate or severe food insecurity in the total population (percent) (3-year average),2020-2022,67.2
171317,Yemen,Prevalence of moderate or severe food insecurity in the total population (percent) (3-year average),2020-2022,63.2
171324,Yemen,Prevalence of moderate or severe food insecurity in the total population (percent) (3-year average),2020-2022,71.2
172179,Zambia,Prevalence of moderate or severe food insecurity in the total population (percent) (3-year average),2020-2022,73.1
172186,Zambia,Prevalence of moderate or severe food insecurity in the total population (percent) (3-year average),2020-2022,70.2
172193,Zambia,Prevalence of moderate or severe food insecurity in the total population (percent) (3-year average),2020-2022,76
173073,Zimbabwe,Prevalence of moderate or severe food insecurity in the total population (percent) (3-year average),2020-2022,73.6
173080,Zimbabwe,Prevalence of moderate or severe food insecurity in the total population (percent) (3-year average),2020-2022,69.4
173087,Zimbabwe,Prevalence of moderate or severe food insecurity in the total population (percent) (3-year average),2020-2022,77.8
174246,World,Prevalence of moderate or severe food insecurity in the total population (percent) (3-year average),2020-2022,29.5
174253,World,Prevalence of moderate or severe food insecurity in the total population (percent) (3-year average),2020-2022,29.1
174260,World,Prevalence of moderate or severe food insecurity in the total population (percent) (3-year average),2020-2022,30
175678,Africa,Prevalence of moderate or severe food insecurity in the total population (percent) (3-year average),2020-2022,58.9
175685,Africa,Prevalence of moderate or severe food insecurity in the total population (percent) (3-year average),2020-2022,58.3
175692,Africa,Prevalence of moderate or severe food insecurity in the total population (percent) (3-year average),2020-2022,59.6
176982,Eastern Africa,Prevalence of moderate or severe food insecurity in the total population (percent) (3-year average),2020-2022,67.5
176989,Eastern Africa,Prevalence of moderate or severe food insecurity in the total population (percent) (3-year average),2020-2022,66.3
176996,Eastern Africa,Prevalence of moderate or severe food insecurity in the total population (percent) (3-year average),2020-2022,68.8
178370,Middle Africa,Prevalence of moderate or severe food insecurity in the total population (percent) (3-year average),2020-2022,74.7
178377,Middle Africa,Prevalence of moderate or severe food insecurity in the total population (percent) (3-year average),2020-2022,73.4
178384,Middle Africa,Prevalence of moderate or severe food insecurity in the total population (percent) (3-year average),2020-2022,76
179758,Northern Africa,Prevalence of moderate or severe food insecurity in the total population (percent) (3-year average),2020-2022,32.2
179765,Northern Africa,Prevalence of moderate or severe food insecurity in the total population (percent) (3-year average),2020-2022,30.9
179772,Northern Africa,Prevalence of moderate or severe food insecurity in the total population (percent) (3-year average),2020-2022,33.5
181142,Northern Africa (excluding Sudan),Prevalence of moderate or severe food insecurity in the total population (percent) (3-year average),2020-2022,28
181149,Northern Africa (excluding Sudan),Prevalence of moderate or severe food insecurity in the total population (percent) (3-year average),2020-2022,26.4
181156,Northern Africa (excluding Sudan),Prevalence of moderate or severe food insecurity in the total population (percent) (3-year average),2020-2022,29.5
182269,Southern Africa,Prevalence of moderate or severe food insecurity in the total population (percent) (3-year average),2020-2022,25.1
182276,Southern Africa,Prevalence of moderate or severe food insecurity in the total population (percent) (3-year average),2020-2022,24.2
182283,Southern Africa,Prevalence of moderate or severe food insecurity in the total population (percent) (3-year average),2020-2022,26.1
183614,Western Africa,Prevalence of moderate or severe food insecurity in the total population (percent) (3-year average),2020-2022,64.1
183621,Western Africa,Prevalence of moderate or severe food insecurity in the total population (percent) (3-year average),2020-2022,62.8
183628,Western Africa,Prevalence of moderate or severe food insecurity in the total population (percent) (3-year average),2020-2022,65.4
185002,Sub-Saharan Africa,Prevalence of moderate or severe food insecurity in the total population (percent) (3-year average),2020-2022,64.9
185009,Sub-Saharan Africa,Prevalence of moderate or severe food insecurity in the total population (percent) (3-year average),2020-2022,64.2
185016,Sub-Saharan Africa,Prevalence of moderate or severe food insecurity in the total population (percent) (3-year average),2020-2022,65.7
186254,Sub-Saharan Africa (including Sudan),Prevalence of moderate or severe food insecurity in the total population (percent) (3-year average),2020-2022,64.4
186261,Sub-Saharan Africa (including Sudan),Prevalence of moderate or severe food insecurity in the total population (percent) (3-year average),2020-2022,63.7
186268,Sub-Saharan Africa (including Sudan),Prevalence of moderate or severe food insecurity in the total population (percent) (3-year average),2020-2022,65.2
187382,Northern America and Europe,Prevalence of moderate or severe food insecurity in the total population (percent) (3-year average),2020-2022,7.8
187389,Northern America and Europe,Prevalence of moderate or severe food insecurity in the total population (percent) (3-year average),2020-2022,7.6
187396,Northern America and Europe,Prevalence of moderate or severe food insecurity in the total population (percent) (3-year average),2020-2022,8.1
188615,Northern America,Prevalence of moderate or severe food insecurity in the total population (percent) (3-year average),2020-2022,7.8
188622,Northern America,Prevalence of moderate or severe food insecurity in the total population (percent) (3-year average),2020-2022,7.7
188629,Northern America,Prevalence of moderate or severe food insecurity in the total population (percent) (3-year average),2020-2022,7.9
189998,Europe,Prevalence of moderate or severe food insecurity in the total population (percent) (3-year average),2020-2022,7.8
190005,Europe,Prevalence of moderate or severe food insecurity in the total population (percent) (3-year average),2020-2022,7.5
190012,Europe,Prevalence of moderate or severe food insecurity in the total population (percent) (3-year average),2020-2022,8.2
191382,Eastern Europe,Prevalence of moderate or severe food insecurity in the total population (percent) (3-year average),2020-2022,10.5
191389,Eastern Europe,Prevalence of moderate or severe food insecurity in the total population (percent) (3-year average),2020-2022,9.9
191396,Eastern Europe,Prevalence of moderate or severe food insecurity in the total population (percent) (3-year average),2020-2022,11.2
192766,Northern Europe,Prevalence of moderate or severe food insecurity in the total population (percent) (3-year average),2020-2022,5.1
192773,Northern Europe,Prevalence of moderate or severe food insecurity in the total population (percent) (3-year average),2020-2022,4.4
192780,Northern Europe,Prevalence of moderate or severe food insecurity in the total population (percent) (3-year average),2020-2022,5.8
194150,Southern Europe,Prevalence of moderate or severe food insecurity in the total population (percent) (3-year average),2020-2022,8.5
194157,Southern Europe,Prevalence of moderate or severe food insecurity in the total population (percent) (3-year average),2020-2022,7.6
194164,Southern Europe,Prevalence of moderate or severe food insecurity in the total population (percent) (3-year average),2020-2022,9.3
195534,Western Europe,Prevalence of moderate or severe food insecurity in the total population (percent) (3-year average),2020-2022,4.9
195541,Western Europe,Prevalence of moderate or severe food insecurity in the total population (percent) (3-year average),2020-2022,4.1
195548,Western Europe,Prevalence of moderate or severe food insecurity in the total population (percent) (3-year average),2020-2022,5.6
196918,Latin America and the Caribbean,Prevalence of moderate or severe food insecurity in the total population (percent) (3-year average),2020-2022,39
196925,Latin America and the Caribbean,Prevalence of moderate or severe food insecurity in the total population (percent) (3-year average),2020-2022,37.5
196932,Latin America and the Caribbean,Prevalence of moderate or severe food insecurity in the total population (percent) (3-year average),2020-2022,40.6
198306,Central America,Prevalence of moderate or severe food insecurity in the total population (percent) (3-year average),2020-2022,34.3
198313,Central America,Prevalence of moderate or severe food insecurity in the total population (percent) (3-year average),2020-2022,33.5
198320,Central America,Prevalence of moderate or severe food insecurity in the total population (percent) (3-year average),2020-2022,35
199694,Caribbean,Prevalence of moderate or severe food insecurity in the total population (percent) (3-year average),2020-2022,61.8
199701,Caribbean,Prevalence of moderate or severe food insecurity in the total population (percent) (3-year average),2020-2022,60.2
199708,Caribbean,Prevalence of moderate or severe food insecurity in the total population (percent) (3-year average),2020-2022,63.5
201040,South America,Prevalence of moderate or severe food insecurity in the total population (percent) (3-year average),2020-2022,38.7
201047,South America,Prevalence of moderate or severe food insecurity in the total population (percent) (3-year average),2020-2022,36.4
201054,South America,Prevalence of moderate or severe food insecurity in the total population (percent) (3-year average),2020-2022,40.9
202428,Asia,Prevalence of moderate or severe food insecurity in the total population (percent) (3-year average),2020-2022,24.8
202435,Asia,Prevalence of moderate or severe food insecurity in the total population (percent) (3-year average),2020-2022,24.1
202442,Asia,Prevalence of moderate or severe food insecurity in the total population (percent) (3-year average),2020-2022,25.5
203816,Central Asia,Prevalence of moderate or severe food insecurity in the total population (percent) (3-year average),2020-2022,18.4
203823,Central Asia,Prevalence of moderate or severe food insecurity in the total population (percent) (3-year average),2020-2022,17.2
203830,Central Asia,Prevalence of moderate or severe food insecurity in the total population (percent) (3-year average),2020-2022,19.7
205183,Eastern Asia,Prevalence of moderate or severe food insecurity in the total population (percent) (3-year average),2020-2022,6.7
205190,Eastern Asia,Prevalence of moderate or severe food insecurity in the total population (percent) (3-year average),2020-2022,5.9
205197,Eastern Asia,Prevalence of moderate or severe food insecurity in the total population (percent) (3-year average),2020-2022,7.5
206550,Southern Asia,Prevalence of moderate or severe food insecurity in the total population (percent) (3-year average),2020-2022,41.3
206557,Southern Asia,Prevalence of moderate or severe food insecurity in the total population (percent) (3-year average),2020-2022,39.8
206564,Southern Asia,Prevalence of moderate or severe food insecurity in the total population (percent) (3-year average),2020-2022,42.9
207938,Southern Asia (excluding India),Prevalence of moderate or severe food insecurity in the total population (percent) (3-year average),2020-2022,39.9
207945,Southern Asia (excluding India),Prevalence of moderate or severe food insecurity in the total population (percent) (3-year average),2020-2022,38.7
207952,Southern Asia (excluding India),Prevalence of moderate or severe food insecurity in the total population (percent) (3-year average),2020-2022,41.1
209066,South-eastern Asia,Prevalence of moderate or severe food insecurity in the total population (percent) (3-year average),2020-2022,16.4
209073,South-eastern Asia,Prevalence of moderate or severe food insecurity in the total population (percent) (3-year average),2020-2022,15.8
209080,South-eastern Asia,Prevalence of moderate or severe food insecurity in the total population (percent) (3-year average),2020-2022,17
210454,Western Asia,Prevalence of moderate or severe food insecurity in the total population (percent) (3-year average),2020-2022,36.5
210461,Western Asia,Prevalence of moderate or severe food insecurity in the total population (percent) (3-year average),2020-2022,35.1
210468,Western Asia,Prevalence of moderate or severe food insecurity in the total population (percent) (3-year average),2020-2022,37.8
211842,Central Asia and Southern Asia,Prevalence of moderate or severe food insecurity in the total population (percent) (3-year average),2020-2022,40.5
211849,Central Asia and Southern Asia,Prevalence of moderate or severe food insecurity in the total population (percent) (3-year average),2020-2022,39
211856,Central Asia and Southern Asia,Prevalence of moderate or severe food insecurity in the total population (percent) (3-year average),2020-2022,42
213171,Eastern Asia and South-eastern Asia,Prevalence of moderate or severe food insecurity in the total population (percent) (3-year average),2020-2022,9.5
213178,Eastern Asia and South-eastern Asia,Prevalence of moderate or severe food insecurity in the total population (percent) (3-year average),2020-2022,8.9
213185,Eastern Asia and South-eastern Asia,Prevalence of moderate or severe food insecurity in the total population (percent) (3-year average),2020-2022,10.1
214385,Western Asia and Northern Africa,Prevalence of moderate or severe food insecurity in the total population (percent) (3-year average),2020-2022,34.5
214392,Western Asia and Northern Africa,Prevalence of moderate or severe food insecurity in the total population (percent) (3-year average),2020-2022,33.5
214399,Western Asia and Northern Africa,Prevalence of moderate or severe food insecurity in the total population (percent) (3-year average),2020-2022,35.4
215619,Oceania,Prevalence of moderate or severe food insecurity in the total population (percent) (3-year average),2020-2022,12.7
215626,Oceania,Prevalence of moderate or severe food insecurity in the total population (percent) (3-year average),2020-2022,11.6
215633,Oceania,Prevalence of moderate or severe food insecurity in the total population (percent) (3-year average),2020-2022,13.8
216982,Australia and New Zealand,Prevalence of moderate or severe food insecurity in the total population (percent) (3-year average),2020-2022,12
216989,Australia and New Zealand,Prevalence of moderate or severe food insecurity in the total population (percent) (3-year average),2020-2022,10.5
216996,Australia and New Zealand,Prevalence of moderate or severe food insecurity in the total population (percent) (3-year average),2020-2022,13.6
218345,Melanesia,Prevalence of moderate or severe food insecurity in the total population (percent) (3-year average),2020-2022,
218352,Melanesia,Prevalence of moderate or severe food insecurity in the total population (percent) (3-year average),2020-2022,
218359,Melanesia,Prevalence of moderate or severe food insecurity in the total population (percent) (3-year average),2020-2022,
219689,Micronesia,Prevalence of moderate or severe food insecurity in the total population (percent) (3-year average),2020-2022,
219696,Micronesia,Prevalence of moderate or severe food insecurity in the total population (percent) (3-year average),2020-2022,
219703,Micronesia,Prevalence of moderate or severe food insecurity in the total population (percent) (3-year average),2020-2022,
221037,Polynesia,Prevalence of moderate or severe food insecurity in the total population (percent) (3-year average),2020-2022,
221044,Polynesia,Prevalence of moderate or severe food insecurity in the total population (percent) (3-year average),2020-2022,
221051,Polynesia,Prevalence of moderate or severe food insecurity in the total population (percent) (3-year average),2020-2022,
222412,Oceania excluding Australia and New Zealand,Prevalence of moderate or severe food insecurity in the total population (percent) (3-year average),2020-2022,
222419,Oceania excluding Australia and New Zealand,Prevalence of moderate or severe food insecurity in the total population (percent) (3-year average),2020-2022,
222426,Oceania excluding Australia and New Zealand,Prevalence of moderate or severe food insecurity in the total population (percent) (3-year average),2020-2022,
223657,Least Developed Countries,Prevalence of moderate or severe food insecurity in the total population (percent) (3-year average),2020-2022,59.3
223664,Least Developed Countries,Prevalence of moderate or severe food insecurity in the total population (percent) (3-year average),2020-2022,58.6
223671,Least Developed Countries,Prevalence of moderate or severe food insecurity in the total population (percent) (3-year average),2020-2022,60.1
225003,Land Locked Developing Countries,Prevalence of moderate or severe food insecurity in the total population (percent) (3-year average),2020-2022,56.2
225010,Land Locked Developing Countries,Prevalence of moderate or severe food insecurity in the total population (percent) (3-year average),2020-2022,55.1
225017,Land Locked Developing Countries,Prevalence of moderate or severe food insecurity in the total population (percent) (3-year average),2020-2022,57.2
226255,Small Island Developing States,Prevalence of moderate or severe food insecurity in the total population (percent) (3-year average),2020-2022,46.8
226262,Small Island Developing States,Prevalence of moderate or severe food insecurity in the total population (percent) (3-year average),2020-2022,45.7
226269,Small Island Developing States,Prevalence of moderate or severe food insecurity in the total population (percent) (3-year average),2020-2022,47.8
227465,Low Income Food Deficit Countries,Prevalence of moderate or severe food insecurity in the total population (percent) (3-year average),2020-2022,62.7
227472,Low Income Food Deficit Countries,Prevalence of moderate or severe food insecurity in the total population (percent) (3-year average),2020-2022,62
227479,Low Income Food Deficit Countries,Prevalence of moderate or severe food insecurity in the total population (percent) (3-year average),2020-2022,63.4
228697,Low income economies,Prevalence of moderate or severe food insecurity in the total population (percent) (3-year average),2020-2022,65.7
228704,Low income economies,Prevalence of moderate or severe food insecurity in the total population (percent) (3-year average),2020-2022,64.8
228711,Low income economies,Prevalence of moderate or severe food insecurity in the total population (percent) (3-year average),2020-2022,66.6
229961,Lower-middle-income economies,Prevalence of moderate or severe food insecurity in the total population (percent) (3-year average),2020-2022,39.6
229968,Lower-middle-income economies,Prevalence of moderate or severe food insecurity in the total population (percent) (3-year average),2020-2022,38.6
229975,Lower-middle-income economies,Prevalence of moderate or severe food insecurity in the total population (percent) (3-year average),2020-2022,40.5
231225,High-income economies,Prevalence of moderate or severe food insecurity in the total population (percent) (3-year average),2020-2022,7.6
231232,High-income economies,Prevalence of moderate or severe food insecurity in the total population (percent) (3-year average),2020-2022,7.3
231239,High-income economies,Prevalence of moderate or severe food insecurity in the total population (percent) (3-year average),2020-2022,7.8
232487,Upper-middle-income economies,Prevalence of moderate or severe food insecurity in the total population (percent) (3-year average),2020-2022,16.2
232494,Upper-middle-income economies,Prevalence of moderate or severe food insecurity in the total population (percent) (3-year average),2020-2022,15.5
232501,Upper-middle-income economies,Prevalence of moderate or severe food insecurity in the total population (percent) (3-year average),2020-2022,16.8
